run,case,total_ms,ready_ms,invoke_ms
1,cold_write,11.2155,7.578209,3.613208
1,hot_write,0.958042,,
1,hot_read,0.449417,,
1,hot_write,1.191916,,
1,hot_read,0.513208,,
1,hot_write,0.983791,,
1,hot_read,0.42612500000000003,,
1,hot_write,0.867542,,
1,hot_read,0.511708,,
1,hot_write,0.849084,,
1,hot_read,0.41675,,
1,cold_read,12.972042,8.673167000000001,4.274708
1,hot_write,1.018375,,
1,hot_read,0.42216699999999996,,
1,hot_write,1.096958,,
1,hot_read,0.478333,,
1,hot_write,0.9874160000000001,,
1,hot_read,0.41670900000000005,,
1,hot_write,0.808917,,
1,hot_read,0.469584,,
1,hot_write,0.835583,,
1,hot_read,0.391042,,
1,cold_write,11.474042,7.657167,3.7950000000000004
1,hot_write,1.069167,,
1,hot_read,0.456708,,
1,hot_write,1.1208749999999998,,
1,hot_read,0.435709,,
1,hot_write,0.851791,,
1,hot_read,0.38379199999999997,,
1,hot_write,0.7811250000000001,,
1,hot_read,0.449416,,
1,hot_write,0.848041,,
1,hot_read,0.376125,,
1,cold_read,12.897667,7.994292,4.879666
1,hot_write,1.018417,,
1,hot_read,0.455792,,
1,hot_write,1.143708,,
1,hot_read,0.45016700000000004,,
1,hot_write,0.910917,,
1,hot_read,0.416917,,
1,hot_write,0.795542,,
1,hot_read,0.487667,,
1,hot_write,1.065083,,
1,hot_read,0.436167,,
1,cold_write,20.936291999999998,12.237084000000001,8.599917
1,hot_write,1.7697500000000002,,
1,hot_read,0.643958,,
1,hot_write,1.6568749999999999,,
1,hot_read,0.633417,,
1,hot_write,0.976375,,
1,hot_read,0.464666,,
1,hot_write,0.85175,,
1,hot_read,0.526292,,
1,hot_write,0.8924580000000001,,
1,hot_read,0.40125,,
1,cold_read,13.343125,7.5865,5.727208
1,hot_write,1.123583,,
1,hot_read,0.512,,
1,hot_write,1.537625,,
1,hot_read,0.653,,
1,hot_write,0.973875,,
1,hot_read,0.471333,,
1,hot_write,1.096333,,
1,hot_read,0.5183749999999999,,
1,hot_write,0.880833,,
1,hot_read,0.406667,,
1,cold_write,12.278832999999999,7.9570419999999995,4.296083
1,hot_write,1.002375,,
1,hot_read,0.455,,
1,hot_write,1.075459,,
1,hot_read,0.43975,,
1,hot_write,0.909916,,
1,hot_read,0.377,,
1,hot_write,0.9282090000000001,,
1,hot_read,0.521208,,
1,hot_write,0.84375,,
1,hot_read,0.413459,,
1,cold_read,11.962125,8.595916,3.3369590000000002
1,hot_write,0.996542,,
1,hot_read,0.441,,
1,hot_write,1.154625,,
1,hot_read,0.47579099999999996,,
1,hot_write,0.850042,,
1,hot_read,0.442416,,
1,hot_write,0.832125,,
1,hot_read,0.465833,,
1,hot_write,0.998,,
1,hot_read,0.40004100000000004,,
1,cold_write,11.951416,7.544833,4.3792919999999995
1,hot_write,1.00975,,
1,hot_read,0.447625,,
1,hot_write,1.171833,,
1,hot_read,0.48375,,
1,hot_write,0.9741249999999999,,
1,hot_read,0.38949999999999996,,
1,hot_write,0.810292,,
1,hot_read,0.47300000000000003,,
1,hot_write,0.819875,,
1,hot_read,0.40695800000000004,,
1,cold_read,12.138417,7.588292,4.522166
1,hot_write,0.969,,
1,hot_read,0.48050000000000004,,
1,hot_write,1.210958,,
1,hot_read,0.487542,,
1,hot_write,0.908833,,
1,hot_read,0.39170900000000003,,
1,hot_write,0.7975,,
1,hot_read,0.524208,,
1,hot_write,0.860333,,
1,hot_read,0.397416,,
1,cold_write,12.048125,8.862125,3.157375
1,hot_write,1.066125,,
1,hot_read,0.467084,,
1,hot_write,1.160917,,
1,hot_read,0.475333,,
1,hot_write,0.8277920000000001,,
1,hot_read,0.41800000000000004,,
1,hot_write,1.123,,
1,hot_read,0.530459,,
1,hot_write,0.855833,,
1,hot_read,0.41979099999999997,,
1,cold_read,13.043333,8.428166000000001,4.588125
1,hot_write,0.9625840000000001,,
1,hot_read,0.42575,,
1,hot_write,1.084292,,
1,hot_read,0.467584,,
1,hot_write,0.944542,,
1,hot_read,0.421083,,
1,hot_write,0.835375,,
1,hot_read,0.469083,,
1,hot_write,0.957125,,
1,hot_read,0.46275,,
1,cold_write,12.433042,7.776958,4.632958
1,hot_write,0.999458,,
1,hot_read,0.461167,,
1,hot_write,1.1762920000000001,,
1,hot_read,0.48383299999999996,,
1,hot_write,0.894375,,
1,hot_read,0.40737500000000004,,
1,hot_write,0.822584,,
1,hot_read,0.45545800000000003,,
1,hot_write,0.887375,,
1,hot_read,0.403833,,
1,cold_read,12.481709,8.076500000000001,4.380541
1,hot_write,1.007458,,
1,hot_read,0.442333,,
1,hot_write,1.118667,,
1,hot_read,0.457583,,
1,hot_write,0.857791,,
1,hot_read,0.36075,,
1,hot_write,0.831125,,
1,hot_read,0.49233299999999997,,
1,hot_write,0.9031669999999999,,
1,hot_read,0.379834,,
1,cold_write,12.010290999999999,7.2405409999999994,4.744417
1,hot_write,1.079542,,
1,hot_read,0.432209,,
1,hot_write,1.1376249999999999,,
1,hot_read,0.509666,,
1,hot_write,0.8737499999999999,,
1,hot_read,0.435292,,
1,hot_write,0.9131659999999999,,
1,hot_read,0.5023340000000001,,
1,hot_write,0.9916250000000001,,
1,hot_read,0.457917,,
1,cold_read,11.871583999999999,8.470334,3.375666
1,hot_write,0.9871249999999999,,
1,hot_read,0.430167,,
1,hot_write,1.147834,,
1,hot_read,0.5037499999999999,,
1,hot_write,0.900209,,
1,hot_read,0.37975,,
1,hot_write,0.804667,,
1,hot_read,0.46712499999999996,,
1,hot_write,0.892792,,
1,hot_read,0.4435,,
1,cold_write,13.15875,8.347541999999999,4.780792
1,hot_write,1.185459,,
1,hot_read,0.539875,,
1,hot_write,1.242917,,
1,hot_read,0.494,,
1,hot_write,0.957542,,
1,hot_read,0.430458,,
1,hot_write,0.826875,,
1,hot_read,0.479333,,
1,hot_write,1.0750829999999998,,
1,hot_read,0.444458,,
1,cold_read,13.021708,8.65725,4.3371249999999995
1,hot_write,1.2631249999999998,,
1,hot_read,0.459417,,
1,hot_write,1.513167,,
1,hot_read,0.45158299999999996,,
1,hot_write,0.88075,,
1,hot_read,0.47187500000000004,,
1,hot_write,1.074916,,
1,hot_read,0.541084,,
1,hot_write,0.913333,,
1,hot_read,0.421167,,
1,cold_write,12.361208,8.148791000000001,4.184959
1,hot_write,0.999125,,
1,hot_read,0.464167,,
1,hot_write,1.17775,,
1,hot_read,0.516,,
1,hot_write,0.9093340000000001,,
1,hot_read,0.624208,,
1,hot_write,1.0965,,
1,hot_read,0.49941700000000006,,
1,hot_write,0.959166,,
1,hot_read,0.444875,,
1,cold_read,14.876624999999999,9.168042,5.681542
1,hot_write,1.009083,,
1,hot_read,0.436542,,
1,hot_write,1.2212919999999998,,
1,hot_read,0.495792,,
1,hot_write,0.942042,,
1,hot_read,0.405042,,
1,hot_write,0.888792,,
1,hot_read,0.522083,,
1,hot_write,0.893708,,
1,hot_read,0.40299999999999997,,
1,cold_write,12.729458000000001,8.571250000000001,4.132542
1,hot_write,1.057833,,
1,hot_read,0.44808400000000004,,
1,hot_write,1.2200419999999998,,
1,hot_read,0.46775,,
1,hot_write,0.889833,,
1,hot_read,0.390291,,
1,hot_write,0.9970000000000001,,
1,hot_read,0.5052089999999999,,
1,hot_write,0.917916,,
1,hot_read,0.4355,,
1,cold_read,12.759791,8.335416,4.400417
1,hot_write,1.12875,,
1,hot_read,0.475,,
1,hot_write,1.142709,,
1,hot_read,0.463709,,
1,hot_write,0.9075,,
1,hot_read,0.429166,,
1,hot_write,0.846958,,
1,hot_read,0.49583299999999997,,
1,hot_write,0.823167,,
1,hot_read,0.394666,,
1,cold_write,13.523417,9.092958999999999,4.407875000000001
1,hot_write,1.0404579999999999,,
1,hot_read,0.502417,,
1,hot_write,1.22675,,
1,hot_read,0.477,,
1,hot_write,0.920042,,
1,hot_read,0.39970799999999995,,
1,hot_write,0.93125,,
1,hot_read,0.485375,,
1,hot_write,0.8734580000000001,,
1,hot_read,0.41195899999999996,,
1,cold_read,12.059083999999999,7.5282919999999995,4.505166
1,hot_write,1.044375,,
1,hot_read,0.41637500000000005,,
1,hot_write,1.162375,,
1,hot_read,0.4475,,
1,hot_write,0.84375,,
1,hot_read,0.369042,,
1,hot_write,0.8582909999999999,,
1,hot_read,0.469292,,
1,hot_write,0.9902089999999999,,
1,hot_read,0.423583,,
1,cold_write,12.267,7.837375000000001,4.404708
1,hot_write,1.0527920000000002,,
1,hot_read,0.44475,,
1,hot_write,1.2439580000000001,,
1,hot_read,0.5125839999999999,,
1,hot_write,1.002709,,
1,hot_read,0.42975,,
1,hot_write,0.8981250000000001,,
1,hot_read,0.538292,,
1,hot_write,0.929375,,
1,hot_read,0.423875,,
1,cold_read,11.951458,7.089416,4.838042
1,hot_write,1.0096250000000002,,
1,hot_read,0.42691700000000005,,
1,hot_write,1.1575,,
1,hot_read,0.471917,,
1,hot_write,0.963791,,
1,hot_read,0.392542,,
1,hot_write,0.9730420000000001,,
1,hot_read,0.49120800000000003,,
1,hot_write,0.838375,,
1,hot_read,0.39129200000000003,,
1,cold_write,9.850166,6.1039579999999996,3.723875
1,hot_write,1.008875,,
1,hot_read,0.428166,,
1,hot_write,1.163708,,
1,hot_read,0.46012499999999995,,
1,hot_write,0.9324169999999999,,
1,hot_read,0.40858300000000003,,
1,hot_write,0.842208,,
1,hot_read,0.513666,,
1,hot_write,0.909958,,
1,hot_read,0.407166,,
1,cold_read,12.241416,7.946083,4.272583
1,hot_write,1.041083,,
1,hot_read,0.44949999999999996,,
1,hot_write,1.357791,,
1,hot_read,0.470333,,
1,hot_write,0.891875,,
1,hot_read,0.404375,,
1,hot_write,0.893208,,
1,hot_read,0.502417,,
1,hot_write,0.821125,,
1,hot_read,0.414625,,
1,cold_write,12.579708,8.039875,4.512625
1,hot_write,0.9702919999999999,,
1,hot_read,0.459084,,
1,hot_write,1.167459,,
1,hot_read,0.461875,,
1,hot_write,0.881083,,
1,hot_read,0.409584,,
1,hot_write,0.912292,,
1,hot_read,0.47791700000000004,,
1,hot_write,0.841417,,
1,hot_read,0.39037499999999997,,
1,cold_read,12.008458,8.59725,3.385334
1,hot_write,1.024791,,
1,hot_read,0.434208,,
1,hot_write,1.252167,,
1,hot_read,0.459375,,
1,hot_write,0.847,,
1,hot_read,0.4095,,
1,hot_write,0.819125,,
1,hot_read,0.470334,,
1,hot_write,0.894625,,
1,hot_read,0.410416,,
1,cold_write,10.734250000000001,6.351583,4.358791
1,hot_write,1.030833,,
1,hot_read,0.443708,,
1,hot_write,3.445292,,
1,hot_read,0.530084,,
1,hot_write,0.8969159999999999,,
1,hot_read,0.437875,,
1,hot_write,0.867083,,
1,hot_read,0.49929100000000004,,
1,hot_write,0.9668329999999999,,
1,hot_read,0.43962500000000004,,
1,cold_read,11.958458,8.270916,3.661
1,hot_write,1.068125,,
1,hot_read,0.413667,,
1,hot_write,1.219916,,
1,hot_read,0.5055,,
1,hot_write,0.858459,,
1,hot_read,0.401125,,
1,hot_write,0.855292,,
1,hot_read,0.49458399999999997,,
1,hot_write,0.8572500000000001,,
1,hot_read,0.415084,,
1,cold_write,11.114,6.3705419999999995,4.713667
1,hot_write,0.976292,,
1,hot_read,0.441875,,
1,hot_write,1.187083,,
1,hot_read,0.438208,,
1,hot_write,0.936708,,
1,hot_read,0.408875,,
1,hot_write,1.757333,,
1,hot_read,0.554875,,
1,hot_write,0.831083,,
1,hot_read,0.393667,,
1,cold_read,13.379624999999999,6.877541,6.477374999999999
1,hot_write,0.9900410000000001,,
1,hot_read,0.4305,,
1,hot_write,1.043417,,
1,hot_read,0.426458,,
1,hot_write,0.892083,,
1,hot_read,0.395334,,
1,hot_write,0.8180000000000001,,
1,hot_read,0.5337500000000001,,
1,hot_write,0.8679169999999999,,
1,hot_read,0.42666699999999996,,
1,cold_write,12.749125,6.172375,6.549625
1,hot_write,0.937375,,
1,hot_read,0.459333,,
1,hot_write,1.062125,,
1,hot_read,0.444375,,
1,hot_write,0.845167,,
1,hot_read,0.43875000000000003,,
1,hot_write,0.765209,,
1,hot_read,0.540875,,
1,hot_write,0.8825000000000001,,
1,hot_read,0.406458,,
1,cold_read,13.661249999999999,8.280833,5.353834
1,hot_write,5.910666,,
1,hot_read,0.477959,,
1,hot_write,6.574958,,
1,hot_read,0.5085419999999999,,
1,hot_write,5.403625,,
1,hot_read,0.446583,,
1,hot_write,1.185208,,
1,hot_read,0.49945899999999993,,
1,hot_write,0.8459169999999999,,
1,hot_read,0.424625,,
1,cold_write,19.671457999999998,6.429333,13.215667
1,hot_write,1.097875,,
1,hot_read,0.48662500000000003,,
1,hot_write,1.110625,,
1,hot_read,0.456875,,
1,hot_write,0.864958,,
1,hot_read,0.417667,,
1,hot_write,0.893416,,
1,hot_read,0.517333,,
1,hot_write,0.881458,,
1,hot_read,0.4615,,
1,cold_read,12.421667000000001,9.09225,3.3014580000000002
1,hot_write,0.973375,,
1,hot_read,0.428292,,
1,hot_write,1.142291,,
1,hot_read,0.465708,,
1,hot_write,0.9102920000000001,,
1,hot_read,0.392292,,
1,hot_write,0.770584,,
1,hot_read,0.47579099999999996,,
1,hot_write,0.8360000000000001,,
1,hot_read,0.395708,,
1,cold_write,12.310166,8.752333,3.530583
1,hot_write,0.923875,,
1,hot_read,0.448875,,
1,hot_write,1.163,,
1,hot_read,0.45637500000000003,,
1,hot_write,0.880584,,
1,hot_read,0.39175,,
1,hot_write,0.783208,,
1,hot_read,0.47575,,
1,hot_write,0.896792,,
1,hot_read,0.40225,,
1,cold_read,14.477167000000001,8.052541999999999,6.400875
1,hot_write,1.021292,,
1,hot_read,0.43,,
1,hot_write,1.1397499999999998,,
1,hot_read,0.49883299999999997,,
1,hot_write,0.91125,,
1,hot_read,0.43237499999999995,,
1,hot_write,0.893583,,
1,hot_read,0.513041,,
1,hot_write,0.907542,,
1,hot_read,0.447584,,
1,resume_write,14.463625,11.193332999999999,3.238584
1,resume_read,12.3725,11.013333,1.332083
1,resume_write,13.550583,11.522166,2.000583
1,resume_read,13.059417,11.583124999999999,1.4443329999999999
1,resume_write,15.115708,11.688958,3.4005419999999997
1,resume_read,13.122375,11.737833,1.3570419999999999
1,resume_write,13.674458000000001,10.557041,3.08775
1,resume_read,12.852250000000002,11.390583,1.436167
1,resume_write,16.051625,9.228292000000001,6.797084
1,resume_read,14.190666,12.52475,1.62575
1,resume_write,15.630958,12.416708,3.189667
1,resume_read,12.780792,11.3035,1.449875
1,resume_write,14.049000000000001,10.548625000000001,3.4742919999999997
1,resume_read,12.952084000000001,11.561791999999999,1.3625
1,resume_write,15.016292,11.506125,3.482417
1,resume_read,13.491042,12.094875,1.3696249999999999
1,resume_write,17.253042,10.865334,6.364667
1,resume_read,12.963375,11.451457999999999,1.483709
1,resume_write,17.251417,10.887625,6.334709
1,resume_read,13.427375,11.988083999999999,1.412083
1,resume_write,17.803875,11.502583,6.274583
1,resume_read,12.090874999999999,10.668875,1.398041
1,resume_write,17.655916,11.286666,6.3411669999999996
1,resume_read,12.698834000000002,11.254458999999999,1.4195
1,resume_write,16.525374999999997,11.105584,5.388458
1,resume_read,13.27875,11.736959,1.515458
1,resume_write,18.982916,12.060708,6.891333
1,resume_read,13.23775,11.760958,1.448292
1,resume_write,16.792833,10.397041,6.368959
1,resume_read,13.217416,11.766541,1.425708
1,resume_write,15.836791999999999,9.445458,6.363458
1,resume_read,16.376208,14.904499999999999,1.4423750000000002
1,resume_write,13.726833000000001,11.698458,1.997
1,resume_read,12.870292000000001,11.414792,1.427834
1,resume_write,17.38,10.739959,6.612042000000001
1,resume_read,13.147125,11.740208,1.3791660000000001
1,resume_write,17.478042,11.026542000000001,6.427542
1,resume_read,12.704041,11.271415999999999,1.402875
1,resume_write,17.409000000000002,11.788791999999999,5.595375
1,resume_read,13.651167000000001,12.168042,1.452666
2,cold_write,14.698041,9.218499999999999,5.452917
2,hot_write,1.6406669999999999,,
2,hot_read,0.574291,,
2,hot_write,1.320667,,
2,hot_read,0.5012909999999999,,
2,hot_write,1.08475,,
2,hot_read,0.42591599999999996,,
2,hot_write,0.985084,,
2,hot_read,0.5183749999999999,,
2,hot_write,0.980542,,
2,hot_read,0.419416,,
2,cold_read,12.973833,8.874833,4.057625
2,hot_write,1.401708,,
2,hot_read,0.45575,,
2,hot_write,1.214417,,
2,hot_read,0.505833,,
2,hot_write,1.0874579999999998,,
2,hot_read,0.426792,,
2,hot_write,0.973166,,
2,hot_read,0.5706249999999999,,
2,hot_write,1.66825,,
2,hot_read,0.716916,,
2,cold_write,10.730917,7.09275,3.609417
2,hot_write,1.118875,,
2,hot_read,0.49041700000000005,,
2,hot_write,1.3246250000000002,,
2,hot_read,0.515208,,
2,hot_write,0.907833,,
2,hot_read,0.412833,,
2,hot_write,0.876625,,
2,hot_read,0.520541,,
2,hot_write,1.04575,,
2,hot_read,0.407167,,
2,cold_read,14.031875,9.271166000000001,4.732334000000001
2,hot_write,1.102125,,
2,hot_read,0.475209,,
2,hot_write,1.15875,,
2,hot_read,0.508333,,
2,hot_write,1.026125,,
2,hot_read,0.41175,,
2,hot_write,0.838167,,
2,hot_read,0.498166,,
2,hot_write,0.880042,,
2,hot_read,0.429292,,
2,cold_write,12.251542,7.732667,4.489166999999999
2,hot_write,1.021,,
2,hot_read,0.443042,,
2,hot_write,1.1407500000000002,,
2,hot_read,0.532958,,
2,hot_write,0.9185000000000001,,
2,hot_read,0.439458,,
2,hot_write,0.901917,,
2,hot_read,0.539959,,
2,hot_write,0.8638330000000001,,
2,hot_read,0.4145,,
2,cold_read,10.315875,8.11325,2.174708
2,hot_write,1.012042,,
2,hot_read,0.463917,,
2,hot_write,1.3255000000000001,,
2,hot_read,0.49037500000000006,,
2,hot_write,0.859417,,
2,hot_read,0.39641699999999996,,
2,hot_write,0.862083,,
2,hot_read,0.479,,
2,hot_write,0.84575,,
2,hot_read,0.40841700000000003,,
2,cold_write,12.6765,8.386,4.265708
2,hot_write,1.0597079999999999,,
2,hot_read,0.437125,,
2,hot_write,1.148625,,
2,hot_read,0.49454200000000004,,
2,hot_write,0.912292,,
2,hot_read,0.400125,,
2,hot_write,0.795708,,
2,hot_read,0.48383299999999996,,
2,hot_write,0.870917,,
2,hot_read,0.39729099999999995,,
2,cold_read,14.857624999999999,9.303916000000001,5.503083
2,hot_write,1.063125,,
2,hot_read,0.504,,
2,hot_write,1.2543330000000001,,
2,hot_read,0.47679200000000005,,
2,hot_write,0.894417,,
2,hot_read,0.40225,,
2,hot_write,0.83425,,
2,hot_read,0.504375,,
2,hot_write,0.8190419999999999,,
2,hot_read,0.503709,,
2,cold_write,12.937375,7.620791,5.284790999999999
2,hot_write,1.216042,,
2,hot_read,0.5003749999999999,,
2,hot_write,1.381125,,
2,hot_read,0.47595899999999997,,
2,hot_write,1.114917,,
2,hot_read,0.38733300000000004,,
2,hot_write,0.8360000000000001,,
2,hot_read,0.48908399999999996,,
2,hot_write,1.0975,,
2,hot_read,0.526208,,
2,cold_read,12.628874999999999,8.423625000000001,4.175875
2,hot_write,1.0671249999999999,,
2,hot_read,0.479542,,
2,hot_write,1.3472499999999998,,
2,hot_read,0.46487500000000004,,
2,hot_write,1.067,,
2,hot_read,0.40049999999999997,,
2,hot_write,1.229875,,
2,hot_read,0.5425,,
2,hot_write,0.889208,,
2,hot_read,0.4125,,
2,cold_write,10.910084000000001,7.157042,3.725833
2,hot_write,1.2413750000000001,,
2,hot_read,0.51375,,
2,hot_write,1.267458,,
2,hot_read,0.470167,,
2,hot_write,0.934125,,
2,hot_read,0.436167,,
2,hot_write,0.959792,,
2,hot_read,0.516708,,
2,hot_write,1.033792,,
2,hot_read,0.415375,,
2,cold_read,12.496,7.832958,4.6333340000000005
2,hot_write,1.022167,,
2,hot_read,0.491083,,
2,hot_write,1.479792,,
2,hot_read,0.4855,,
2,hot_write,0.832833,,
2,hot_read,0.446334,,
2,hot_write,0.860375,,
2,hot_read,0.517541,,
2,hot_write,1.040125,,
2,hot_read,0.454459,,
2,cold_write,13.788791,8.498333,5.257375
2,hot_write,1.219167,,
2,hot_read,0.45287499999999997,,
2,hot_write,1.174084,,
2,hot_read,0.47129099999999996,,
2,hot_write,1.0304579999999999,,
2,hot_read,0.448125,,
2,hot_write,0.8627090000000001,,
2,hot_read,0.567583,,
2,hot_write,1.112542,,
2,hot_read,0.453542,,
2,cold_read,12.74375,8.307125000000001,4.406375
2,hot_write,1.105584,,
2,hot_read,0.475792,,
2,hot_write,1.333584,,
2,hot_read,0.484959,,
2,hot_write,0.841958,,
2,hot_read,0.412916,,
2,hot_write,0.985833,,
2,hot_read,0.529417,,
2,hot_write,0.856541,,
2,hot_read,0.42829100000000003,,
2,cold_write,13.295792,9.349417,3.865625
2,hot_write,1.778125,,
2,hot_read,0.596,,
2,hot_write,1.24825,,
2,hot_read,0.477417,,
2,hot_write,1.119541,,
2,hot_read,0.433,,
2,hot_write,2.5419169999999998,,
2,hot_read,0.5295,,
2,hot_write,1.034875,,
2,hot_read,0.446458,,
2,cold_read,11.14525,7.175875,3.938375
2,hot_write,1.020708,,
2,hot_read,0.427625,,
2,hot_write,1.185834,,
2,hot_read,0.46266599999999997,,
2,hot_write,0.891167,,
2,hot_read,0.381042,,
2,hot_write,0.943791,,
2,hot_read,0.455375,,
2,hot_write,0.988833,,
2,hot_read,0.423375,,
2,cold_write,12.730333,8.496041,4.2049579999999995
2,hot_write,0.974875,,
2,hot_read,0.436583,,
2,hot_write,1.3885,,
2,hot_read,0.508583,,
2,hot_write,0.9695,,
2,hot_read,0.405708,,
2,hot_write,2.125584,,
2,hot_read,0.49379199999999995,,
2,hot_write,1.173833,,
2,hot_read,0.42812500000000003,,
2,cold_read,10.841584,8.404042,2.406333
2,hot_write,0.9819169999999999,,
2,hot_read,0.431041,,
2,hot_write,1.496875,,
2,hot_read,0.455833,,
2,hot_write,0.891625,,
2,hot_read,0.37233299999999997,,
2,hot_write,0.957417,,
2,hot_read,0.465167,,
2,hot_write,0.927917,,
2,hot_read,0.440458,,
2,cold_write,14.200458,8.550041,5.614
2,hot_write,1.248833,,
2,hot_read,0.502459,,
2,hot_write,1.6587500000000002,,
2,hot_read,0.5295,,
2,hot_write,1.053,,
2,hot_read,0.460083,,
2,hot_write,1.169833,,
2,hot_read,0.539208,,
2,hot_write,0.969916,,
2,hot_read,0.421125,,
2,cold_read,13.247375,7.973292,5.232958
2,hot_write,1.2855830000000001,,
2,hot_read,0.528833,,
2,hot_write,1.357792,,
2,hot_read,0.527625,,
2,hot_write,0.9311659999999999,,
2,hot_read,0.42404200000000003,,
2,hot_write,1.0135,,
2,hot_read,0.5337500000000001,,
2,hot_write,1.010125,,
2,hot_read,0.453125,,
2,cold_write,14.352291,8.477625000000002,5.847041
2,hot_write,1.2867499999999998,,
2,hot_read,0.44387499999999996,,
2,hot_write,1.32125,,
2,hot_read,0.505833,,
2,hot_write,1.012209,,
2,hot_read,0.395959,,
2,hot_write,2.235417,,
2,hot_read,0.5393330000000001,,
2,hot_write,1.120625,,
2,hot_read,0.397916,,
2,cold_read,12.314542,7.858334,4.428417
2,hot_write,1.348167,,
2,hot_read,0.47375,,
2,hot_write,1.218083,,
2,hot_read,0.49733299999999997,,
2,hot_write,0.8980830000000001,,
2,hot_read,0.391667,,
2,hot_write,0.89525,,
2,hot_read,0.525125,,
2,hot_write,0.887,,
2,hot_read,0.4345,,
2,cold_write,11.609625,7.2632080000000006,4.324
2,hot_write,1.021834,,
2,hot_read,0.4375,,
2,hot_write,1.142042,,
2,hot_read,0.485583,,
2,hot_write,0.9453750000000001,,
2,hot_read,0.44466599999999995,,
2,hot_write,0.971958,,
2,hot_read,0.513791,,
2,hot_write,0.8939170000000001,,
2,hot_read,0.39587500000000003,,
2,cold_read,9.619208,6.23025,3.359708
2,hot_write,1.03125,,
2,hot_read,0.46529200000000004,,
2,hot_write,1.474125,,
2,hot_read,0.488084,,
2,hot_write,0.884208,,
2,hot_read,0.37725,,
2,hot_write,0.882042,,
2,hot_read,0.48895799999999995,,
2,hot_write,0.876792,,
2,hot_read,0.38741699999999996,,
2,cold_write,10.7745,7.266125,3.482833
2,hot_write,0.984292,,
2,hot_read,0.43475,,
2,hot_write,1.130916,,
2,hot_read,0.458,,
2,hot_write,0.8989999999999999,,
2,hot_read,0.43479100000000004,,
2,hot_write,0.8490000000000001,,
2,hot_read,0.5045419999999999,,
2,hot_write,0.8386669999999999,,
2,hot_read,0.39837500000000003,,
2,cold_read,12.274000000000001,7.069542,5.177875
2,hot_write,0.9916250000000001,,
2,hot_read,0.437541,,
2,hot_write,1.17775,,
2,hot_read,0.48070799999999997,,
2,hot_write,0.944959,,
2,hot_read,0.37775,,
2,hot_write,0.8108329999999999,,
2,hot_read,0.51625,,
2,hot_write,0.82825,,
2,hot_read,0.380209,,
2,cold_write,11.998292000000001,7.350416999999999,4.62525
2,hot_write,0.9822500000000001,,
2,hot_read,0.42562500000000003,,
2,hot_write,1.3044580000000001,,
2,hot_read,0.5102909999999999,,
2,hot_write,0.993042,,
2,hot_read,0.382625,,
2,hot_write,0.886,,
2,hot_read,0.505291,,
2,hot_write,0.9302079999999999,,
2,hot_read,0.393791,,
2,cold_read,10.464708,8.165042000000001,2.274417
2,hot_write,1.240791,,
2,hot_read,0.457875,,
2,hot_write,1.142458,,
2,hot_read,0.44387499999999996,,
2,hot_write,0.92725,,
2,hot_read,0.446667,,
2,hot_write,0.81225,,
2,hot_read,0.479708,,
2,hot_write,1.005167,,
2,hot_read,0.431542,,
2,cold_write,15.030292000000001,9.836875000000001,5.167375
2,hot_write,1.043208,,
2,hot_read,0.46166700000000005,,
2,hot_write,1.43875,,
2,hot_read,0.509333,,
2,hot_write,0.972667,,
2,hot_read,0.389667,,
2,hot_write,1.005375,,
2,hot_read,0.539958,,
2,hot_write,0.926333,,
2,hot_read,0.403792,,
2,cold_read,12.673584,8.419334000000001,4.2304580000000005
2,hot_write,1.184875,,
2,hot_read,0.42450000000000004,,
2,hot_write,1.099041,,
2,hot_read,0.44166700000000003,,
2,hot_write,0.9165,,
2,hot_read,0.422625,,
2,hot_write,0.902666,,
2,hot_read,0.489375,,
2,hot_write,0.885583,,
2,hot_read,0.39233300000000004,,
2,cold_write,12.33675,8.198125000000001,4.113625
2,hot_write,1.023166,,
2,hot_read,0.445625,,
2,hot_write,1.131541,,
2,hot_read,0.463458,,
2,hot_write,0.8602920000000001,,
2,hot_read,0.431541,,
2,hot_write,0.969709,,
2,hot_read,0.496625,,
2,hot_write,0.861792,,
2,hot_read,0.400833,,
2,cold_read,12.080583,7.0988750000000005,4.956
2,hot_write,1.055333,,
2,hot_read,0.444625,,
2,hot_write,1.1073330000000001,,
2,hot_read,0.41162499999999996,,
2,hot_write,0.865791,,
2,hot_read,0.41354199999999997,,
2,hot_write,1.1114169999999999,,
2,hot_read,0.492667,,
2,hot_write,0.859291,,
2,hot_read,0.40850000000000003,,
2,cold_write,12.835167,8.273875,4.535833
2,hot_write,2.303375,,
2,hot_read,0.472709,,
2,hot_write,1.166792,,
2,hot_read,0.441208,,
2,hot_write,0.846833,,
2,hot_read,0.382208,,
2,hot_write,0.822334,,
2,hot_read,0.49270800000000003,,
2,hot_write,0.822291,,
2,hot_read,0.424041,,
2,cold_read,10.578458000000001,7.1107499999999995,3.4381250000000003
2,hot_write,0.923917,,
2,hot_read,0.434667,,
2,hot_write,1.1596659999999999,,
2,hot_read,0.47766600000000004,,
2,hot_write,0.882375,,
2,hot_read,0.380334,,
2,hot_write,0.778084,,
2,hot_read,0.5396249999999999,,
2,hot_write,0.823709,,
2,hot_read,0.399917,,
2,cold_write,13.247625000000001,6.9186250000000005,6.307792
2,hot_write,1.068375,,
2,hot_read,0.537,,
2,hot_write,1.171625,,
2,hot_read,0.548959,,
2,hot_write,0.97375,,
2,hot_read,0.43262500000000004,,
2,hot_write,0.872875,,
2,hot_read,0.5690419999999999,,
2,hot_write,0.950792,,
2,hot_read,0.450666,,
2,cold_read,12.506708,6.157333,6.321417
2,hot_write,0.983125,,
2,hot_read,0.428833,,
2,hot_write,1.149333,,
2,hot_read,0.491083,,
2,hot_write,0.829708,,
2,hot_read,0.397792,,
2,hot_write,0.791958,,
2,hot_read,0.5132920000000001,,
2,hot_write,0.840167,,
2,hot_read,0.435583,,
2,cold_write,14.556542,8.225584,6.3035
2,hot_write,0.947708,,
2,hot_read,0.458209,,
2,hot_write,1.191916,,
2,hot_read,0.463125,,
2,hot_write,0.8542919999999999,,
2,hot_read,0.38983399999999996,,
2,hot_write,0.8206669999999999,,
2,hot_read,0.50475,,
2,hot_write,0.801125,,
2,hot_read,0.393083,,
2,cold_read,14.561375,8.220167,6.309
2,hot_write,1.020375,,
2,hot_read,0.493959,,
2,hot_write,1.542292,,
2,hot_read,0.5830409999999999,,
2,hot_write,0.885208,,
2,hot_read,0.42029099999999997,,
2,hot_write,0.861708,,
2,hot_read,0.49545800000000007,,
2,hot_write,0.900292,,
2,hot_read,0.43312500000000004,,
2,cold_write,15.058125,8.801459,6.229458
2,hot_write,0.996292,,
2,hot_read,0.429375,,
2,hot_write,1.3714169999999999,,
2,hot_read,0.571958,,
2,hot_write,0.946083,,
2,hot_read,0.438042,,
2,hot_write,0.848875,,
2,hot_read,0.510459,,
2,hot_write,0.847292,,
2,hot_read,0.431833,,
2,cold_read,16.652583,9.708,6.871582999999999
2,hot_write,1.042625,,
2,hot_read,0.471667,,
2,hot_write,1.247625,,
2,hot_read,0.49845900000000004,,
2,hot_write,0.906875,,
2,hot_read,0.435834,,
2,hot_write,0.845375,,
2,hot_read,0.526542,,
2,hot_write,1.1082500000000002,,
2,hot_read,0.7709579999999999,,
2,resume_write,18.897833,11.598707999999998,7.262917
2,resume_read,14.032833,12.549207999999998,1.450375
2,resume_write,17.236833999999998,10.85975,6.343375
2,resume_read,15.801499999999999,14.212959000000001,1.5497919999999998
2,resume_write,16.562167,10.158917,6.377959
2,resume_read,10.620208000000002,9.21275,1.379834
2,resume_write,15.130167,11.7895,3.313959
2,resume_read,13.349041000000001,11.850416000000001,1.467208
2,resume_write,14.151666,10.916041,3.206458
2,resume_read,12.67675,11.161292,1.481708
2,resume_write,15.200084,11.834375,3.335209
2,resume_read,13.134500000000001,11.673,1.433625
2,resume_write,17.48775,11.128041,6.329166
2,resume_read,13.370917,11.922,1.417667
2,resume_write,17.785916999999998,11.178417,6.576666
2,resume_read,13.449416000000001,11.943916,1.4736669999999998
2,resume_write,24.963042,18.363292,6.564915999999999
2,resume_read,13.039709,11.50875,1.504084
2,resume_write,17.464167,11.123249999999999,6.310582999999999
2,resume_read,12.49,11.066708,1.391916
2,resume_write,14.901166,11.493833,3.377
2,resume_read,11.459083,10.024166,1.403542
2,resume_write,17.524792,10.966875,6.52625
2,resume_read,13.021457999999999,11.572707999999999,1.418583
2,resume_write,16.532791000000003,9.933375,6.569458
2,resume_read,11.675958,10.222999999999999,1.420958
2,resume_write,17.11275,10.94275,6.139292
2,resume_read,13.337959,11.840333999999999,1.465834
2,resume_write,17.809958,11.401542000000001,6.377833
2,resume_read,12.884125,11.40475,1.4475829999999998
2,resume_write,14.928500000000001,11.505125,3.394041
2,resume_read,13.116541,11.610958,1.471708
2,resume_write,18.056875,11.674875,6.349417000000001
2,resume_read,12.011375,10.515417000000001,1.464625
2,resume_write,14.854667000000001,11.400667,3.422709
2,resume_read,13.728791000000001,12.237041000000001,1.4586670000000002
2,resume_write,17.108583,10.556417,6.521624999999999
2,resume_read,12.27025,10.793417,1.4460840000000001
2,resume_write,19.01875,11.889833000000001,7.09375
2,resume_read,11.787334,10.410499999999999,1.346667
