version,scenario,storage_ms,replica_ms,n,p50_ms,p95_ms,shutdown_p50_ms,gets,lists,writes,seals,replica_reads
baseline,clean_shutdown,10,5,30,159.36,166.58,29.20,6,1,3,2,0
baseline,replica_only_crash,10,5,30,187.92,197.77,0.00,6,1,4,2,1
baseline,clean_shutdown,25,5,30,316.09,325.30,61.14,6,1,3,2,0
baseline,replica_only_crash,25,5,30,352.59,367.38,0.00,6,1,4,2,1
baseline,clean_shutdown,50,5,30,563.98,570.33,110.02,6,1,3,2,0
baseline,replica_only_crash,50,5,30,629.81,638.50,0.00,6,1,4,2,1
hints,clean_shutdown,10,5,30,125.60,133.80,29.77,4,1,3,2,0
hints,replica_only_crash,10,5,30,154.08,160.86,0.00,4,1,4,2,1
hints,clean_shutdown,25,5,30,235.75,239.78,61.34,4,1,3,2,0
hints,replica_only_crash,25,5,30,275.88,283.60,0.00,4,1,4,2,1
hints,clean_shutdown,50,5,30,407.62,413.43,109.97,4,1,3,2,0
hints,replica_only_crash,50,5,30,475.16,482.00,0.00,4,1,4,2,1
clean,clean_shutdown,10,5,30,42.96,44.95,61.42,2,0,1,0,0
clean,replica_only_crash,10,5,30,150.26,155.74,0.00,4,1,4,2,1
clean,clean_shutdown,25,5,30,87.72,90.13,120.08,2,0,1,0,0
clean,replica_only_crash,25,5,30,270.06,276.16,0.00,4,1,4,2,1
clean,clean_shutdown,50,5,30,162.45,164.17,220.32,2,0,1,0,0
clean,replica_only_crash,50,5,30,471.41,479.48,0.00,4,1,4,2,1
